{
    "version": "1.4.0",
    "project": {
        "name": "root",
        "directory": "/home/stephenbell/Projects/zugzwang",
        "workspaceDir": "/home/stephenbell/Projects/zugzwang",
        "sources": [
            "/home/stephenbell/Projects/zugzwang/src/main/scala",
            "/home/stephenbell/Projects/zugzwang/src/main/scala-3",
            "/home/stephenbell/Projects/zugzwang/src/main/java",
            "/home/stephenbell/Projects/zugzwang/target/scala-3.7.2/src_managed/main"
        ],
        "dependencies": [
            
        ],
        "classpath": [
            "/home/stephenbell/.cache/coursier/v1/https/repo1.maven.org/maven2/org/scala-lang/scala3-library_3/3.7.2/scala3-library_3-3.7.2.jar",
            "/home/stephenbell/.cache/coursier/v1/https/repo1.maven.org/maven2/org/openjdk/jmh/jmh-core/1.37/jmh-core-1.37.jar",
            "/home/stephenbell/.cache/coursier/v1/https/repo1.maven.org/maven2/org/openjdk/jmh/jmh-generator-bytecode/1.37/jmh-generator-bytecode-1.37.jar",
            "/home/stephenbell/.cache/coursier/v1/https/repo1.maven.org/maven2/org/openjdk/jmh/jmh-generator-reflection/1.37/jmh-generator-reflection-1.37.jar",
            "/home/stephenbell/.cache/coursier/v1/https/repo1.maven.org/maven2/org/scala-lang/modules/scala-parallel-collections_3/1.0.4/scala-parallel-collections_3-1.0.4.jar",
            "/home/stephenbell/.cache/coursier/v1/https/repo1.maven.org/maven2/org/scala-lang/scala-library/2.13.16/scala-library-2.13.16.jar",
            "/home/stephenbell/.cache/coursier/v1/https/repo1.maven.org/maven2/net/sf/jopt-simple/jopt-simple/5.0.4/jopt-simple-5.0.4.jar",
            "/home/stephenbell/.cache/coursier/v1/https/repo1.maven.org/maven2/org/apache/commons/commons-math3/3.6.1/commons-math3-3.6.1.jar",
            "/home/stephenbell/.cache/coursier/v1/https/repo1.maven.org/maven2/org/openjdk/jmh/jmh-generator-asm/1.37/jmh-generator-asm-1.37.jar",
            "/home/stephenbell/.cache/coursier/v1/https/repo1.maven.org/maven2/org/ow2/asm/asm/9.0/asm-9.0.jar"
        ],
        "out": "/home/stephenbell/Projects/zugzwang/.bloop/root",
        "classesDir": "/home/stephenbell/Projects/zugzwang/.bloop/root/scala-3/classes",
        "resources": [
            "/home/stephenbell/Projects/zugzwang/src/main/resources",
            "/home/stephenbell/Projects/zugzwang/target/scala-3.7.2/resource_managed/main"
        ],
        "scala": {
            "organization": "org.scala-lang",
            "name": "scala-compiler",
            "version": "3.7.2",
            "options": [
                "-deprecation",
                "-Wunused:imports",
                "-Xsemanticdb",
                "-semanticdb-target",
                "/home/stephenbell/Projects/zugzwang/target/scala-3.7.2/meta"
            ],
            "jars": [
                "/home/stephenbell/.cache/coursier/v1/https/repo1.maven.org/maven2/org/scala-lang/scala3-library_3/3.7.2/scala3-library_3-3.7.2.jar",
                "/home/stephenbell/.cache/coursier/v1/https/repo1.maven.org/maven2/org/scala-lang/scala-library/2.13.16/scala-library-2.13.16.jar",
                "/home/stephenbell/.cache/coursier/v1/https/repo1.maven.org/maven2/org/scala-lang/scala3-compiler_3/3.7.2/scala3-compiler_3-3.7.2.jar",
                "/home/stephenbell/.cache/coursier/v1/https/repo1.maven.org/maven2/org/scala-lang/scala3-interfaces/3.7.2/scala3-interfaces-3.7.2.jar",
                "/home/stephenbell/.cache/coursier/v1/https/repo1.maven.org/maven2/org/scala-lang/tasty-core_3/3.7.2/tasty-core_3-3.7.2.jar",
                "/home/stephenbell/.cache/coursier/v1/https/repo1.maven.org/maven2/org/scala-lang/modules/scala-asm/9.8.0-scala-1/scala-asm-9.8.0-scala-1.jar",
                "/home/stephenbell/.cache/coursier/v1/https/repo1.maven.org/maven2/org/scala-sbt/compiler-interface/1.10.7/compiler-interface-1.10.7.jar",
                "/home/stephenbell/.cache/coursier/v1/https/repo1.maven.org/maven2/org/jline/jline-reader/3.29.0/jline-reader-3.29.0.jar",
                "/home/stephenbell/.cache/coursier/v1/https/repo1.maven.org/maven2/org/jline/jline-terminal/3.29.0/jline-terminal-3.29.0.jar",
                "/home/stephenbell/.cache/coursier/v1/https/repo1.maven.org/maven2/org/jline/jline-terminal-jni/3.29.0/jline-terminal-jni-3.29.0.jar",
                "/home/stephenbell/.cache/coursier/v1/https/repo1.maven.org/maven2/org/scala-sbt/util-interface/1.10.7/util-interface-1.10.7.jar",
                "/home/stephenbell/.cache/coursier/v1/https/repo1.maven.org/maven2/org/jline/jline-native/3.29.0/jline-native-3.29.0.jar",
                "/home/stephenbell/.cache/coursier/v1/https/repo1.maven.org/maven2/org/scala-lang/scaladoc_3/3.7.2/scaladoc_3-3.7.2.jar",
                "/home/stephenbell/.cache/coursier/v1/https/repo1.maven.org/maven2/org/scala-lang/scala3-tasty-inspector_3/3.7.2/scala3-tasty-inspector_3-3.7.2.jar",
                "/home/stephenbell/.cache/coursier/v1/https/repo1.maven.org/maven2/com/vladsch/flexmark/flexmark/0.62.2/flexmark-0.62.2.jar",
                "/home/stephenbell/.cache/coursier/v1/https/repo1.maven.org/maven2/com/vladsch/flexmark/flexmark-util-ast/0.62.2/flexmark-util-ast-0.62.2.jar",
                "/home/stephenbell/.cache/coursier/v1/https/repo1.maven.org/maven2/com/vladsch/flexmark/flexmark-util-data/0.62.2/flexmark-util-data-0.62.2.jar",
                "/home/stephenbell/.cache/coursier/v1/https/repo1.maven.org/maven2/com/vladsch/flexmark/flexmark-util-html/0.62.2/flexmark-util-html-0.62.2.jar",
                "/home/stephenbell/.cache/coursier/v1/https/repo1.maven.org/maven2/com/vladsch/flexmark/flexmark-ext-anchorlink/0.62.2/flexmark-ext-anchorlink-0.62.2.jar",
                "/home/stephenbell/.cache/coursier/v1/https/repo1.maven.org/maven2/com/vladsch/flexmark/flexmark-ext-autolink/0.62.2/flexmark-ext-autolink-0.62.2.jar",
                "/home/stephenbell/.cache/coursier/v1/https/repo1.maven.org/maven2/com/vladsch/flexmark/flexmark-ext-emoji/0.62.2/flexmark-ext-emoji-0.62.2.jar",
                "/home/stephenbell/.cache/coursier/v1/https/repo1.maven.org/maven2/com/vladsch/flexmark/flexmark-ext-gfm-strikethrough/0.62.2/flexmark-ext-gfm-strikethrough-0.62.2.jar",
                "/home/stephenbell/.cache/coursier/v1/https/repo1.maven.org/maven2/com/vladsch/flexmark/flexmark-ext-gfm-tasklist/0.62.2/flexmark-ext-gfm-tasklist-0.62.2.jar",
                "/home/stephenbell/.cache/coursier/v1/https/repo1.maven.org/maven2/com/vladsch/flexmark/flexmark-ext-wikilink/0.62.2/flexmark-ext-wikilink-0.62.2.jar",
                "/home/stephenbell/.cache/coursier/v1/https/repo1.maven.org/maven2/com/vladsch/flexmark/flexmark-ext-tables/0.62.2/flexmark-ext-tables-0.62.2.jar",
                "/home/stephenbell/.cache/coursier/v1/https/repo1.maven.org/maven2/com/vladsch/flexmark/flexmark-ext-yaml-front-matter/0.62.2/flexmark-ext-yaml-front-matter-0.62.2.jar",
                "/home/stephenbell/.cache/coursier/v1/https/repo1.maven.org/maven2/nl/big-o/liqp/0.8.2/liqp-0.8.2.jar",
                "/home/stephenbell/.cache/coursier/v1/https/repo1.maven.org/maven2/org/jsoup/jsoup/1.17.2/jsoup-1.17.2.jar",
                "/home/stephenbell/.cache/coursier/v1/https/repo1.maven.org/maven2/com/fasterxml/jackson/dataformat/jackson-dataformat-yaml/2.15.1/jackson-dataformat-yaml-2.15.1.jar",
                "/home/stephenbell/.cache/coursier/v1/https/repo1.maven.org/maven2/com/vladsch/flexmark/flexmark-util-builder/0.62.2/flexmark-util-builder-0.62.2.jar",
                "/home/stephenbell/.cache/coursier/v1/https/repo1.maven.org/maven2/com/vladsch/flexmark/flexmark-util-collection/0.62.2/flexmark-util-collection-0.62.2.jar",
                "/home/stephenbell/.cache/coursier/v1/https/repo1.maven.org/maven2/com/vladsch/flexmark/flexmark-util-dependency/0.62.2/flexmark-util-dependency-0.62.2.jar",
                "/home/stephenbell/.cache/coursier/v1/https/repo1.maven.org/maven2/com/vladsch/flexmark/flexmark-util-format/0.62.2/flexmark-util-format-0.62.2.jar",
                "/home/stephenbell/.cache/coursier/v1/https/repo1.maven.org/maven2/com/vladsch/flexmark/flexmark-util-misc/0.62.2/flexmark-util-misc-0.62.2.jar",
                "/home/stephenbell/.cache/coursier/v1/https/repo1.maven.org/maven2/com/vladsch/flexmark/flexmark-util-sequence/0.62.2/flexmark-util-sequence-0.62.2.jar",
                "/home/stephenbell/.cache/coursier/v1/https/repo1.maven.org/maven2/com/vladsch/flexmark/flexmark-util-visitor/0.62.2/flexmark-util-visitor-0.62.2.jar",
                "/home/stephenbell/.cache/coursier/v1/https/repo1.maven.org/maven2/org/jetbrains/annotations/15.0/annotations-15.0.jar",
                "/home/stephenbell/.cache/coursier/v1/https/repo1.maven.org/maven2/com/vladsch/flexmark/flexmark-util/0.62.2/flexmark-util-0.62.2.jar",
                "/home/stephenbell/.cache/coursier/v1/https/repo1.maven.org/maven2/org/nibor/autolink/autolink/0.6.0/autolink-0.6.0.jar",
                "/home/stephenbell/.cache/coursier/v1/https/repo1.maven.org/maven2/com/vladsch/flexmark/flexmark-jira-converter/0.62.2/flexmark-jira-converter-0.62.2.jar",
                "/home/stephenbell/.cache/coursier/v1/https/repo1.maven.org/maven2/org/antlr/antlr4-runtime/4.7.2/antlr4-runtime-4.7.2.jar",
                "/home/stephenbell/.cache/coursier/v1/https/repo1.maven.org/maven2/com/fasterxml/jackson/core/jackson-annotations/2.15.1/jackson-annotations-2.15.1.jar",
                "/home/stephenbell/.cache/coursier/v1/https/repo1.maven.org/maven2/com/fasterxml/jackson/core/jackson-core/2.15.1/jackson-core-2.15.1.jar",
                "/home/stephenbell/.cache/coursier/v1/https/repo1.maven.org/maven2/com/fasterxml/jackson/core/jackson-databind/2.15.1/jackson-databind-2.15.1.jar",
                "/home/stephenbell/.cache/coursier/v1/https/repo1.maven.org/maven2/com/fasterxml/jackson/datatype/jackson-datatype-jsr310/2.12.1/jackson-datatype-jsr310-2.12.1.jar",
                "/home/stephenbell/.cache/coursier/v1/https/repo1.maven.org/maven2/ua/co/k/strftime4j/1.0.5/strftime4j-1.0.5.jar",
                "/home/stephenbell/.cache/coursier/v1/https/repo1.maven.org/maven2/org/yaml/snakeyaml/2.0/snakeyaml-2.0.jar",
                "/home/stephenbell/.cache/coursier/v1/https/repo1.maven.org/maven2/com/vladsch/flexmark/flexmark-util-options/0.62.2/flexmark-util-options-0.62.2.jar",
                "/home/stephenbell/.cache/coursier/v1/https/repo1.maven.org/maven2/com/vladsch/flexmark/flexmark-ext-ins/0.62.2/flexmark-ext-ins-0.62.2.jar",
                "/home/stephenbell/.cache/coursier/v1/https/repo1.maven.org/maven2/com/vladsch/flexmark/flexmark-ext-superscript/0.62.2/flexmark-ext-superscript-0.62.2.jar"
            ],
            "setup": {
                "order": "mixed",
                "addLibraryToBootClasspath": true,
                "addCompilerToClasspath": false,
                "addExtraJarsToClasspath": false,
                "manageBootClasspath": true,
                "filterLibraryFromClasspath": true
            },
            "bridgeJars": [
                "/home/stephenbell/.cache/coursier/v1/https/repo1.maven.org/maven2/org/scala-lang/scala3-sbt-bridge/3.7.2/scala3-sbt-bridge-3.7.2.jar"
            ]
        },
        "java": {
            "options": [
                
            ]
        },
        "test": {
            "frameworks": [
                {
                    "names": [
                        "org.scalacheck.ScalaCheckFramework"
                    ]
                },
                {
                    "names": [
                        "org.specs2.runner.Specs2Framework",
                        "org.specs2.runner.SpecsFramework"
                    ]
                },
                {
                    "names": [
                        "org.specs.runner.SpecsFramework"
                    ]
                },
                {
                    "names": [
                        "org.scalatest.tools.Framework",
                        "org.scalatest.tools.ScalaTestFramework"
                    ]
                },
                {
                    "names": [
                        "com.novocode.junit.JUnitFramework"
                    ]
                },
                {
                    "names": [
                        "munit.Framework"
                    ]
                },
                {
                    "names": [
                        "zio.test.sbt.ZTestFramework"
                    ]
                },
                {
                    "names": [
                        "weaver.framework.CatsEffect"
                    ]
                },
                {
                    "names": [
                        "hedgehog.sbt.Framework"
                    ]
                }
            ],
            "options": {
                "excludes": [
                    
                ],
                "arguments": [
                    
                ]
            }
        },
        "platform": {
            "name": "jvm",
            "config": {
                "home": "/home/stephenbell/.sdkman/candidates/java/21.0.8-amzn",
                "options": [
                    "-Duser.dir=/home/stephenbell/Projects/zugzwang"
                ]
            },
            "mainClass": [
                
            ],
            "runtimeConfig": {
                "home": "/home/stephenbell/.sdkman/candidates/java/21.0.8-amzn",
                "options": [
                    "-Duser.dir=/home/stephenbell/Projects/zugzwang"
                ]
            },
            "classpath": [
                "/home/stephenbell/Projects/zugzwang/.bloop/root/scala-3/classes",
                "/home/stephenbell/.cache/coursier/v1/https/repo1.maven.org/maven2/org/scala-lang/scala3-library_3/3.7.2/scala3-library_3-3.7.2.jar",
                "/home/stephenbell/.cache/coursier/v1/https/repo1.maven.org/maven2/org/openjdk/jmh/jmh-core/1.37/jmh-core-1.37.jar",
                "/home/stephenbell/.cache/coursier/v1/https/repo1.maven.org/maven2/org/openjdk/jmh/jmh-generator-bytecode/1.37/jmh-generator-bytecode-1.37.jar",
                "/home/stephenbell/.cache/coursier/v1/https/repo1.maven.org/maven2/org/openjdk/jmh/jmh-generator-reflection/1.37/jmh-generator-reflection-1.37.jar",
                "/home/stephenbell/.cache/coursier/v1/https/repo1.maven.org/maven2/org/scala-lang/modules/scala-parallel-collections_3/1.0.4/scala-parallel-collections_3-1.0.4.jar",
                "/home/stephenbell/.cache/coursier/v1/https/repo1.maven.org/maven2/org/scala-lang/scala-library/2.13.16/scala-library-2.13.16.jar",
                "/home/stephenbell/.cache/coursier/v1/https/repo1.maven.org/maven2/net/sf/jopt-simple/jopt-simple/5.0.4/jopt-simple-5.0.4.jar",
                "/home/stephenbell/.cache/coursier/v1/https/repo1.maven.org/maven2/org/apache/commons/commons-math3/3.6.1/commons-math3-3.6.1.jar",
                "/home/stephenbell/.cache/coursier/v1/https/repo1.maven.org/maven2/org/openjdk/jmh/jmh-generator-asm/1.37/jmh-generator-asm-1.37.jar",
                "/home/stephenbell/.cache/coursier/v1/https/repo1.maven.org/maven2/org/ow2/asm/asm/9.0/asm-9.0.jar"
            ]
        },
        "resolution": {
            "modules": [
                {
                    "organization": "org.scala-lang",
                    "name": "scala3-library_3",
                    "version": "3.7.2",
                    "configurations": "default",
                    "artifacts": [
                        {
                            "name": "scala3-library_3",
                            "path": "/home/stephenbell/.cache/coursier/v1/https/repo1.maven.org/maven2/org/scala-lang/scala3-library_3/3.7.2/scala3-library_3-3.7.2.jar"
                        },
                        {
                            "name": "scala3-library_3",
                            "classifier": "sources",
                            "path": "/home/stephenbell/.cache/coursier/v1/https/repo1.maven.org/maven2/org/scala-lang/scala3-library_3/3.7.2/scala3-library_3-3.7.2-sources.jar"
                        }
                    ]
                },
                {
                    "organization": "org.openjdk.jmh",
                    "name": "jmh-core",
                    "version": "1.37",
                    "configurations": "default",
                    "artifacts": [
                        {
                            "name": "jmh-core",
                            "path": "/home/stephenbell/.cache/coursier/v1/https/repo1.maven.org/maven2/org/openjdk/jmh/jmh-core/1.37/jmh-core-1.37.jar"
                        },
                        {
                            "name": "jmh-core",
                            "classifier": "sources",
                            "path": "/home/stephenbell/.cache/coursier/v1/https/repo1.maven.org/maven2/org/openjdk/jmh/jmh-core/1.37/jmh-core-1.37-sources.jar"
                        }
                    ]
                },
                {
                    "organization": "org.openjdk.jmh",
                    "name": "jmh-generator-bytecode",
                    "version": "1.37",
                    "configurations": "default",
                    "artifacts": [
                        {
                            "name": "jmh-generator-bytecode",
                            "path": "/home/stephenbell/.cache/coursier/v1/https/repo1.maven.org/maven2/org/openjdk/jmh/jmh-generator-bytecode/1.37/jmh-generator-bytecode-1.37.jar"
                        },
                        {
                            "name": "jmh-generator-bytecode",
                            "classifier": "sources",
                            "path": "/home/stephenbell/.cache/coursier/v1/https/repo1.maven.org/maven2/org/openjdk/jmh/jmh-generator-bytecode/1.37/jmh-generator-bytecode-1.37-sources.jar"
                        }
                    ]
                },
                {
                    "organization": "org.openjdk.jmh",
                    "name": "jmh-generator-reflection",
                    "version": "1.37",
                    "configurations": "default",
                    "artifacts": [
                        {
                            "name": "jmh-generator-reflection",
                            "path": "/home/stephenbell/.cache/coursier/v1/https/repo1.maven.org/maven2/org/openjdk/jmh/jmh-generator-reflection/1.37/jmh-generator-reflection-1.37.jar"
                        },
                        {
                            "name": "jmh-generator-reflection",
                            "classifier": "sources",
                            "path": "/home/stephenbell/.cache/coursier/v1/https/repo1.maven.org/maven2/org/openjdk/jmh/jmh-generator-reflection/1.37/jmh-generator-reflection-1.37-sources.jar"
                        }
                    ]
                },
                {
                    "organization": "org.scala-lang.modules",
                    "name": "scala-parallel-collections_3",
                    "version": "1.0.4",
                    "configurations": "default",
                    "artifacts": [
                        {
                            "name": "scala-parallel-collections_3",
                            "path": "/home/stephenbell/.cache/coursier/v1/https/repo1.maven.org/maven2/org/scala-lang/modules/scala-parallel-collections_3/1.0.4/scala-parallel-collections_3-1.0.4.jar"
                        },
                        {
                            "name": "scala-parallel-collections_3",
                            "classifier": "sources",
                            "path": "/home/stephenbell/.cache/coursier/v1/https/repo1.maven.org/maven2/org/scala-lang/modules/scala-parallel-collections_3/1.0.4/scala-parallel-collections_3-1.0.4-sources.jar"
                        }
                    ]
                },
                {
                    "organization": "org.scala-lang",
                    "name": "scala-library",
                    "version": "2.13.16",
                    "configurations": "default",
                    "artifacts": [
                        {
                            "name": "scala-library",
                            "path": "/home/stephenbell/.cache/coursier/v1/https/repo1.maven.org/maven2/org/scala-lang/scala-library/2.13.16/scala-library-2.13.16.jar"
                        },
                        {
                            "name": "scala-library",
                            "classifier": "sources",
                            "path": "/home/stephenbell/.cache/coursier/v1/https/repo1.maven.org/maven2/org/scala-lang/scala-library/2.13.16/scala-library-2.13.16-sources.jar"
                        }
                    ]
                },
                {
                    "organization": "net.sf.jopt-simple",
                    "name": "jopt-simple",
                    "version": "5.0.4",
                    "configurations": "default",
                    "artifacts": [
                        {
                            "name": "jopt-simple",
                            "path": "/home/stephenbell/.cache/coursier/v1/https/repo1.maven.org/maven2/net/sf/jopt-simple/jopt-simple/5.0.4/jopt-simple-5.0.4.jar"
                        },
                        {
                            "name": "jopt-simple",
                            "classifier": "sources",
                            "path": "/home/stephenbell/.cache/coursier/v1/https/repo1.maven.org/maven2/net/sf/jopt-simple/jopt-simple/5.0.4/jopt-simple-5.0.4-sources.jar"
                        }
                    ]
                },
                {
                    "organization": "org.apache.commons",
                    "name": "commons-math3",
                    "version": "3.6.1",
                    "configurations": "default",
                    "artifacts": [
                        {
                            "name": "commons-math3",
                            "path": "/home/stephenbell/.cache/coursier/v1/https/repo1.maven.org/maven2/org/apache/commons/commons-math3/3.6.1/commons-math3-3.6.1.jar"
                        },
                        {
                            "name": "commons-math3",
                            "classifier": "sources",
                            "path": "/home/stephenbell/.cache/coursier/v1/https/repo1.maven.org/maven2/org/apache/commons/commons-math3/3.6.1/commons-math3-3.6.1-sources.jar"
                        }
                    ]
                },
                {
                    "organization": "org.openjdk.jmh",
                    "name": "jmh-generator-asm",
                    "version": "1.37",
                    "configurations": "default",
                    "artifacts": [
                        {
                            "name": "jmh-generator-asm",
                            "path": "/home/stephenbell/.cache/coursier/v1/https/repo1.maven.org/maven2/org/openjdk/jmh/jmh-generator-asm/1.37/jmh-generator-asm-1.37.jar"
                        },
                        {
                            "name": "jmh-generator-asm",
                            "classifier": "sources",
                            "path": "/home/stephenbell/.cache/coursier/v1/https/repo1.maven.org/maven2/org/openjdk/jmh/jmh-generator-asm/1.37/jmh-generator-asm-1.37-sources.jar"
                        }
                    ]
                },
                {
                    "organization": "org.ow2.asm",
                    "name": "asm",
                    "version": "9.0",
                    "configurations": "default",
                    "artifacts": [
                        {
                            "name": "asm",
                            "path": "/home/stephenbell/.cache/coursier/v1/https/repo1.maven.org/maven2/org/ow2/asm/asm/9.0/asm-9.0.jar"
                        },
                        {
                            "name": "asm",
                            "classifier": "sources",
                            "path": "/home/stephenbell/.cache/coursier/v1/https/repo1.maven.org/maven2/org/ow2/asm/asm/9.0/asm-9.0-sources.jar"
                        }
                    ]
                }
            ]
        },
        "tags": [
            "library"
        ]
    }
}